<?xml version="1.0" encoding="UTF-8"?>
<Team id='16'>
	<组名>FF后援团</组名>
	<Logo>
		<img src="C:\Users\53262\Desktop\XML\FF.png"/>
	</Logo>
	<成员>
		<组长>
			<姓名>
				张胜
			</姓名>
			<学号>
				71115323
			</学号>
			<QQ>
				1104242629
			</QQ>
		</组长>
		<组员 id='1'>
			<姓名>
				刘起行
			</姓名>
			<学号>
				71115319
			</学号>
			<QQ>
				847864917
			</QQ>
		</组员>
		<组员 id='2'>
			<姓名>
				董芳岐
			</姓名>
			<学号>
				71115328
			</学号>
			<QQ>
				532624564
			</QQ>
		</组员>
	</成员>
	<简介>	   董芳岐艺名董芳芳，在一次组织行为学的课程里，众多董FF的粉丝一同成立了董FF后援会这一国际组织，而如今我们组秉承着当初后援会的精神组成了FF后援会组。
	</简介>
</Team>