<?xml version="1.0" encoding="UTF-8"?><html xmlns="http://www.w3.org/1999/xhtml"><body style="background-color:#e7e7e7;"><img src="FF.png" style="position: absolute; left:150px; top:33px;     height:150px ;width:200px;border-radius:50%;"/><div style="position:absolute; left:20px; top:20px;"><h2 style="color:blue;">FF后援团</h2><div><div style="float:left; text-align: left; font-weight:bold;      line-hight:2em;">组长:<br/>
					组员:<br/></div><div style="float:left; text-align: left; margin-left:20px;      line-hight:2em;">
				张胜
			<br/>
				刘起行
			<br/>
				董芳岐
			<br/></div></div></div><div style="position:absolute; left:20px; top:200px;"><div><div style="float:left; text-align: left; font-weight:bold;      line-hight:2em;">
					小组简介:
				</div><div style="float:left; text-align: left; margin-left:20px;      line-hight:2em; border:solid thin; width:18.3em; height:6em; padding-left:0.5em;">	   董芳岐艺名董芳芳，在一次组织行为学的课程里，众多董FF的粉丝一同成立了董FF后援会这一国际组织，而如今我们组秉承着当初后援会的精神组成了FF后援会组。
	<br/></div></div></div><div style="position:absolute; left:20px; top:300px;"><div>我们的实验成果：<br/></div><a href="https://zhangsheng1101.github.io/images/treemodel.png">数据模型</a><br/><a href="movielist.xml">电影列表</a><br/></div></body></html>